-- phpMyAdmin SQL Dump
-- version 4.3.12
-- http://www.phpmyadmin.net
--
-- Host: dd29636.kasserver.com
-- Generation Time: Jul 11, 2015 at 11:16 PM
-- Server version: 5.5.43-nmm1-log
-- PHP Version: 5.3.28-nmm4

SET SQL_MODE = "NO_AUTO_VALUE_ON_ZERO";
SET time_zone = "+00:00";


/*!40101 SET @OLD_CHARACTER_SET_CLIENT=@@CHARACTER_SET_CLIENT */;
/*!40101 SET @OLD_CHARACTER_SET_RESULTS=@@CHARACTER_SET_RESULTS */;
/*!40101 SET @OLD_COLLATION_CONNECTION=@@COLLATION_CONNECTION */;
/*!40101 SET NAMES utf8 */;

--
-- Database: `d0189896`
--

-- --------------------------------------------------------

--
-- Table structure for table `LanguageItems`
--

CREATE TABLE IF NOT EXISTS `LanguageItems` (
  `ID` int(11) NOT NULL,
  `Name` varchar(255) DEFAULT NULL,
  `Position` int(11) NOT NULL,
  `Scope` int(11) NOT NULL,
  `Type` int(11) NOT NULL
) ENGINE=InnoDB AUTO_INCREMENT=212 DEFAULT CHARSET=latin1;

--
-- Dumping data for table `LanguageItems`
--

INSERT INTO `LanguageItems` (`ID`, `Name`, `Position`, `Scope`, `Type`) VALUES
(1, 'einfühlsam', 0, 1, 0),
(2, 'eine Autobahn', 1, 1, 0),
(3, 'lustig', 0, 1, 0),
(4, 'unterhaltsam', 0, 1, 0),
(5, 'interessant', 0, 1, 0),
(6, 'bedeutungsschwanger', 0, 1, 0),
(7, 'anspruchsvoll', 0, 1, 0),
(8, 'attraktiv', 0, 1, 0),
(9, 'romantisch', 0, 1, 0),
(10, 'humorvoll', 0, 1, 0),
(11, 'stilvoll', 0, 1, 0),
(12, 'Wahlen', 1, 1, 0),
(13, 'ein Butterbrot', 1, 1, 0),
(14, 'Käse', 1, 1, 0),
(15, 'Nahverkehr', 1, 1, 0),
(16, 'drei Clowns', 1, 1, 0),
(17, 'Knoblauch', 1, 1, 0),
(18, 'eine stillgelegte Zeche', 1, 1, 0),
(19, 'Stromausfall bei der NSA', 1, 1, 0),
(20, 'arbeitslose Politiker', 1, 1, 0),
(21, 'weiß', 0, 2, 2),
(22, 'langsames', 1, 2, 2),
(23, 'fallen', 2, 2, 3),
(24, 'schwere', 3, 2, 2),
(25, 'eisige', 4, 2, 2),
(26, 'Böen', 5, 2, 1),
(27, 'pfeifende', 6, 2, 2),
(28, 'Schneestürme', 7, 2, 1),
(29, 'vor', 8, 2, 11),
(30, 'uns', 9, 2, 6),
(31, 'leise', 0, 2, 2),
(32, 'gleite', 1, 2, 3),
(33, 'ich', 2, 2, 6),
(34, 'durch', 3, 2, 11),
(35, 'die', 4, 2, 5),
(36, 'Nacht', 5, 2, 1),
(37, 'bis', 6, 2, 11),
(38, 'hin', 7, 2, 11),
(39, 'zum', 8, 2, 11),
(40, 'Baum', 9, 2, 1),
(41, 'Knirschen', 0, 2, 1),
(42, 'weiter', 1, 2, 2),
(43, 'Hall', 2, 2, 1),
(44, 'Rabenschreie', 3, 2, 1),
(45, 'durchdringen', 4, 2, 3),
(46, 'Kaltluft', 5, 2, 1),
(47, 'einsame', 6, 2, 2),
(48, 'Menschen', 7, 2, 1),
(49, 'gehen', 8, 2, 3),
(50, 'Wege', 9, 2, 1),
(51, 'leises', 1, 2, 2),
(52, 'Fallen', 2, 2, 1),
(53, 'wirbelnde', 4, 2, 2),
(54, 'Flocken', 5, 2, 1),
(55, 'peitschende', 6, 2, 2),
(56, 'aus', 8, 2, 11),
(57, 'Eis', 9, 2, 1),
(58, 'Kälte', 0, 2, 1),
(59, 'am', 1, 2, 11),
(60, 'Hosenbein', 2, 2, 1),
(61, 'eisig', 3, 2, 2),
(62, 'fröstelnd', 4, 2, 14),
(63, 'nervig', 5, 2, 2),
(64, 'morgen', 6, 2, 13),
(65, 'lange', 7, 2, 2),
(66, 'Unterhose', 8, 2, 1),
(67, 'anziehen', 9, 2, 3),
(68, 'Brrrr', 0, 2, 13),
(69, 'es', 1, 2, 6),
(70, 'friert', 2, 2, 3),
(71, 'zitternd', 4, 2, 14),
(72, 'kalt', 5, 2, 2),
(73, 'schaudernd', 6, 2, 14),
(74, 'gehe', 7, 2, 3),
(76, 'alles', 1, 2, 13),
(77, 'ganz', 3, 2, 11),
(78, 'einfarbig', 4, 2, 2),
(79, 'schön', 5, 2, 2),
(80, 'verschlingt', 6, 2, 3),
(81, 'Schnee', 7, 2, 1),
(82, 'Welt', 9, 2, 1),
(83, 'Gerhard', 0, 2, 1),
(84, 'kühl', 2, 2, 2),
(85, 'frisch', 3, 2, 2),
(86, 'frösteln', 4, 2, 3),
(87, 'vorbei', 5, 2, 2),
(88, 'es', 6, 2, 5),
(89, 'er', 7, 2, 5),
(90, 'durch', 8, 2, 12),
(91, 'hinweg', 9, 2, 13),
(93, 'ist', 1, 2, 3),
(94, 'da', 2, 2, 11),
(96, 'Schlitten', 5, 2, 1),
(97, 'weiße', 6, 2, 2),
(98, 'Weihnacht', 7, 2, 1),
(99, 'bald', 8, 2, 13),
(100, 'friere', 2, 2, 3),
(101, 'im', 4, 2, 11),
(102, 'Ofen', 5, 2, 1),
(103, 'du', 6, 2, 6),
(104, 'wartest', 7, 2, 3),
(105, 'auf', 8, 2, 11),
(106, 'Kohlen', 9, 2, 1),
(107, 'Dunkelheit', 0, 2, 1),
(108, 'fehlende', 1, 2, 2),
(109, 'Wärme', 2, 2, 1),
(110, 'sie', 3, 2, 6),
(111, 'gingen', 4, 2, 3),
(112, 'fort', 5, 2, 11),
(113, 'wir', 6, 2, 6),
(114, 'wandern', 7, 2, 3),
(115, 'Lautlos', 0, 2, 2),
(116, 'Zu', 3, 2, 11),
(117, 'einem', 4, 2, 5),
(118, 'ganzen', 5, 2, 2),
(119, 'Berg', 6, 2, 1),
(120, 'Verschmelzen', 7, 2, 0),
(121, 'zum', 8, 2, 11),
(122, 'Ganzen', 9, 2, 0),
(123, 'leuchtend', 0, 2, 14),
(124, 'wunderbar', 1, 2, 2),
(125, 'warm', 2, 2, 2),
(126, 'prasselt', 3, 2, 3),
(127, 'der', 4, 2, 5),
(128, 'Kamin', 5, 2, 1),
(130, 'fühlen', 7, 2, 3),
(131, 'absolute', 8, 2, 2),
(132, 'Geborgenheit', 9, 2, 1),
(133, 'unerwartet', 0, 2, 2),
(134, 'sehr', 1, 2, 2),
(138, 'Gesicht', 5, 2, 1),
(139, 'zwei', 6, 2, 13),
(140, 'glühende', 7, 2, 14),
(141, 'rote', 8, 2, 2),
(142, 'Wangen', 9, 2, 1),
(143, 'idyllisch', 0, 2, 2),
(144, 'leuchtendes', 1, 2, 2),
(145, 'Weiß', 2, 2, 1),
(146, 'ein', 3, 2, 5),
(147, 'ferner', 4, 2, 2),
(148, 'Traum', 5, 2, 1),
(149, 'dreckiges', 6, 2, 2),
(150, 'Grau', 7, 2, 1),
(151, 'Graben', 9, 2, 1),
(152, 'Schmecken', 0, 2, 3),
(153, 'Reinheit', 2, 2, 1),
(154, 'der', 3, 2, 5),
(155, 'kalten', 4, 2, 2),
(156, 'Nächte', 5, 2, 1),
(157, 'Verlangen', 6, 2, 1),
(158, 'nach', 7, 2, 11),
(159, 'unreinen', 8, 2, 2),
(160, 'Gefühlen', 9, 2, 1),
(161, 'eine', 3, 2, 5),
(162, 'Wand', 5, 2, 1),
(163, 'verloren', 6, 2, 2),
(164, 'in', 7, 2, 11),
(166, 'Hände', 2, 2, 1),
(167, 'deine', 3, 2, 7),
(168, 'roten', 4, 2, 2),
(170, 'sitze', 7, 2, 3),
(171, 'Grau', 0, 2, 0),
(172, 'traurige', 1, 2, 0),
(173, 'Einsamkeit', 2, 2, 0),
(174, 'in', 3, 2, 0),
(175, 'der', 4, 2, 0),
(176, 'Dunkelheit', 5, 2, 0),
(177, 'so', 6, 2, 0),
(178, 'unschön', 7, 2, 0),
(179, 'so', 8, 2, 0),
(180, 'überflüssig', 9, 2, 0),
(181, 'trüb', 5, 2, 2),
(182, 'erscheint', 8, 2, 3),
(183, 'grau', 9, 2, 2),
(184, 'Reise', 0, 2, 1),
(185, 'weißer', 4, 2, 2),
(186, 'Hauch', 5, 2, 1),
(187, 'frierend', 6, 2, 2),
(188, 'weitergehen', 7, 2, 3),
(189, 'dich', 8, 2, 6),
(190, 'wiedersehen', 9, 2, 3),
(191, 'Zweige', 0, 2, 1),
(192, 'hängen', 1, 2, 3),
(193, 'schneebedeckt', 2, 2, 2),
(194, 'weißen', 4, 2, 2),
(195, 'Meer', 5, 2, 1),
(196, 'mein', 6, 2, 7),
(197, 'Herz', 7, 2, 1),
(198, 'schwer', 9, 2, 2),
(199, 'traurig', 0, 2, 2),
(200, 'laufen', 1, 2, 3),
(201, 'Tränen', 2, 2, 1),
(202, 'dunkle', 4, 2, 2),
(203, 'wann', 6, 2, 12),
(204, 'wieder', 9, 2, 4),
(205, 'fällt', 1, 2, 3),
(206, 'leise', 2, 2, 4),
(207, 'Fenster', 5, 2, 1),
(208, 'drei', 6, 2, 2),
(209, 'helle', 7, 2, 2),
(210, 'Sterne', 8, 2, 1),
(211, 'leuchten', 9, 2, 3);

-- --------------------------------------------------------

--
-- Table structure for table `ResponseItems`
--

CREATE TABLE IF NOT EXISTS `ResponseItems` (
  `ID` int(11) NOT NULL,
  `ResponseId` int(11) NOT NULL,
  `LanguageItemId` int(11) NOT NULL
) ENGINE=InnoDB AUTO_INCREMENT=2137 DEFAULT CHARSET=latin1;

--
-- Dumping data for table `ResponseItems`
--

INSERT INTO `ResponseItems` (`ID`, `ResponseId`, `LanguageItemId`) VALUES
(21, 53, 4),
(22, 53, 16),
(23, 54, 4),
(24, 54, 20),
(25, 55, 6),
(26, 55, 13),
(27, 56, 4),
(28, 56, 2),
(29, 57, 7),
(30, 57, 16),
(31, 58, 8),
(32, 58, 14),
(33, 59, 4),
(34, 59, 20),
(35, 60, 5),
(36, 60, 12),
(37, 61, 10),
(38, 61, 12),
(39, 62, 3),
(40, 62, 18),
(41, 63, 8),
(42, 63, 19),
(43, 64, 6),
(44, 64, 2),
(45, 65, 1),
(46, 65, 20),
(47, 66, 9),
(48, 66, 18),
(49, 67, 10),
(50, 67, 2),
(51, 68, 1),
(52, 68, 17),
(53, 69, 10),
(54, 69, 19),
(55, 70, 11),
(56, 70, 16),
(57, 71, 7),
(58, 71, 17),
(59, 72, 7),
(60, 72, 13),
(61, 73, 10),
(62, 73, 18),
(63, 74, 9),
(64, 74, 2),
(65, 75, 9),
(66, 75, 19),
(67, 76, 10),
(68, 76, 18),
(69, 77, 1),
(70, 77, 12),
(71, 78, 5),
(72, 78, 18),
(73, 79, 9),
(74, 79, 18),
(75, 80, 9),
(76, 80, 12),
(77, 81, 5),
(78, 81, 17),
(79, 82, 11),
(80, 82, 20),
(81, 83, 1),
(82, 83, 14),
(83, 84, 5),
(84, 84, 16),
(85, 85, 9),
(86, 85, 16),
(87, 86, 6),
(88, 86, 20),
(89, 87, 1),
(90, 87, 15),
(91, 88, 9),
(92, 88, 19),
(93, 89, 1),
(94, 89, 13),
(95, 90, 11),
(96, 90, 2),
(97, 91, 5),
(98, 91, 12),
(99, 92, 9),
(100, 92, 12),
(101, 93, 9),
(102, 93, 2),
(103, 94, 8),
(104, 94, 15),
(105, 95, 4),
(106, 95, 14),
(107, 96, 7),
(108, 96, 18),
(109, 97, 5),
(110, 97, 20),
(111, 98, 5),
(112, 98, 19),
(113, 99, 11),
(114, 99, 16),
(115, 100, 7),
(116, 100, 20),
(117, 101, 1),
(118, 101, 2),
(119, 102, 11),
(120, 102, 19),
(121, 103, 10),
(122, 103, 16),
(123, 104, 4),
(124, 104, 2),
(125, 105, 5),
(126, 105, 13),
(127, 106, 10),
(128, 106, 18),
(129, 107, 1),
(130, 107, 20),
(131, 108, 9),
(132, 108, 14),
(133, 109, 4),
(134, 109, 14),
(135, 110, 7),
(136, 110, 20),
(137, 111, 9),
(138, 111, 13),
(139, 112, 1),
(140, 112, 16),
(141, 113, 1),
(142, 113, 2),
(143, 114, 4),
(144, 114, 2),
(145, 115, 6),
(146, 115, 12),
(147, 116, 6),
(148, 116, 14),
(149, 117, 11),
(150, 117, 2),
(151, 118, 8),
(152, 118, 19),
(153, 119, 8),
(154, 119, 19),
(155, 120, 10),
(156, 120, 13),
(157, 121, 9),
(158, 121, 17),
(159, 122, 8),
(160, 122, 18),
(161, 123, 11),
(162, 123, 15),
(163, 124, 3),
(164, 124, 2),
(165, 125, 5),
(166, 125, 20),
(167, 126, 4),
(168, 126, 14),
(169, 127, 11),
(170, 127, 19),
(171, 128, 7),
(172, 128, 14),
(173, 129, 5),
(174, 129, 15),
(175, 130, 10),
(176, 130, 15),
(177, 131, 9),
(178, 131, 2),
(179, 132, 6),
(180, 132, 19),
(181, 133, 3),
(182, 133, 18),
(183, 134, 4),
(184, 134, 17),
(185, 135, 4),
(186, 135, 18),
(187, 136, 9),
(188, 136, 13),
(189, 137, 5),
(190, 137, 15),
(191, 138, 8),
(192, 138, 19),
(193, 139, 8),
(194, 139, 2),
(195, 140, 8),
(196, 140, 16),
(197, 141, 1),
(198, 141, 12),
(199, 142, 5),
(200, 142, 2),
(201, 143, 3),
(202, 143, 16),
(203, 144, 1),
(204, 144, 18),
(205, 145, 10),
(206, 145, 15),
(207, 146, 10),
(208, 146, 12),
(209, 147, 11),
(210, 147, 16),
(211, 148, 3),
(212, 148, 19),
(213, 149, 4),
(214, 149, 20),
(215, 150, 5),
(216, 150, 16),
(217, 151, 3),
(218, 151, 16),
(219, 152, 8),
(220, 152, 18),
(221, 153, 5),
(222, 153, 14),
(223, 154, 7),
(224, 154, 15),
(225, 155, 5),
(226, 155, 15),
(227, 156, 11),
(228, 156, 19),
(229, 157, 1),
(230, 157, 18),
(231, 158, 6),
(232, 158, 16),
(233, 159, 8),
(234, 159, 19),
(235, 160, 7),
(236, 160, 19),
(237, 161, 9),
(238, 161, 16),
(239, 162, 4),
(240, 162, 14),
(241, 163, 5),
(242, 163, 19),
(243, 164, 8),
(244, 164, 15),
(245, 165, 6),
(246, 165, 13),
(247, 166, 1),
(248, 166, 15),
(249, 167, 5),
(250, 167, 17),
(251, 168, 6),
(252, 168, 14),
(253, 169, 6),
(254, 169, 14),
(255, 170, 1),
(256, 170, 14),
(257, 171, 9),
(258, 171, 14),
(259, 172, 10),
(260, 172, 15),
(261, 173, 1),
(262, 173, 12),
(263, 174, 1),
(264, 174, 12),
(265, 175, 10),
(266, 175, 16),
(267, 176, 10),
(268, 176, 18),
(269, 177, 3),
(270, 177, 17),
(271, 178, 4),
(272, 178, 17),
(273, 179, 10),
(274, 179, 16),
(275, 180, 9),
(276, 180, 14),
(277, 181, 4),
(278, 181, 12),
(279, 182, 1),
(280, 182, 18),
(281, 183, 9),
(282, 183, 20),
(283, 184, 8),
(284, 184, 2),
(285, 185, 8),
(286, 185, 20),
(287, 186, 1),
(288, 186, 17),
(289, 187, 8),
(290, 187, 14),
(291, 188, 1),
(292, 188, 19),
(293, 189, 7),
(294, 189, 17),
(295, 190, 9),
(296, 190, 20),
(297, 191, 11),
(298, 191, 13),
(299, 192, 10),
(300, 192, 2),
(301, 193, 9),
(302, 193, 12),
(303, 194, 5),
(304, 194, 15),
(305, 195, 10),
(306, 195, 2),
(307, 196, 4),
(308, 196, 16),
(309, 197, 3),
(310, 197, 13),
(311, 198, 11),
(312, 198, 17),
(313, 199, 9),
(314, 199, 18),
(315, 200, 4),
(316, 200, 17),
(317, 201, 8),
(318, 201, 13),
(319, 202, 11),
(320, 202, 17),
(321, 203, 5),
(322, 203, 14),
(323, 204, 1),
(324, 204, 2),
(325, 205, 7),
(326, 205, 18),
(327, 206, 4),
(328, 206, 17),
(329, 207, 5),
(330, 207, 16),
(331, 208, 9),
(332, 208, 17),
(333, 209, 6),
(334, 209, 15),
(335, 210, 7),
(336, 210, 15),
(337, 211, 7),
(338, 211, 19),
(339, 212, 1),
(340, 212, 18),
(341, 213, 4),
(342, 213, 14),
(343, 214, 7),
(344, 214, 2),
(345, 215, 9),
(346, 215, 19),
(347, 216, 8),
(348, 216, 13),
(349, 217, 8),
(350, 217, 13),
(351, 218, 6),
(352, 218, 18),
(353, 219, 10),
(354, 219, 14),
(355, 220, 11),
(356, 220, 2),
(357, 221, 10),
(358, 221, 14),
(359, 222, 11),
(360, 222, 14),
(361, 223, 4),
(362, 223, 15),
(363, 224, 5),
(364, 224, 15),
(365, 225, 7),
(366, 225, 20),
(367, 226, 5),
(368, 226, 13),
(369, 227, 6),
(370, 227, 14),
(371, 228, 7),
(372, 228, 12),
(373, 229, 7),
(374, 229, 12),
(375, 230, 1),
(376, 230, 19),
(377, 231, 11),
(378, 231, 2),
(379, 232, 6),
(380, 232, 19),
(381, 233, 4),
(382, 233, 15),
(383, 234, 8),
(384, 234, 18),
(385, 235, 9),
(386, 235, 15),
(387, 236, 4),
(388, 236, 17),
(389, 237, 1),
(390, 237, 19),
(391, 238, 6),
(392, 238, 12),
(393, 239, 3),
(394, 239, 13),
(395, 240, 9),
(396, 240, 13),
(397, 241, 11),
(398, 241, 2),
(399, 242, 11),
(400, 242, 16),
(401, 243, 1),
(402, 243, 18),
(403, 244, 4),
(404, 244, 18),
(405, 245, 11),
(406, 245, 16),
(407, 246, 4),
(408, 246, 14),
(409, 247, 11),
(410, 247, 14),
(411, 248, 1),
(412, 248, 18),
(413, 249, 11),
(414, 249, 14),
(415, 250, 1),
(416, 250, 16),
(417, 251, 6),
(418, 251, 14),
(419, 252, 6),
(420, 252, 14),
(421, 253, 10),
(422, 253, 16),
(423, 254, 1),
(424, 254, 15),
(425, 255, 1),
(426, 255, 2),
(427, 256, 1),
(428, 256, 15),
(429, 257, 8),
(430, 257, 2),
(431, 258, 4),
(432, 258, 16),
(433, 259, 10),
(434, 259, 2),
(435, 260, 8),
(436, 260, 12),
(437, 261, 1),
(438, 261, 14),
(439, 262, 11),
(440, 262, 18),
(441, 263, 5),
(442, 263, 19),
(443, 264, 5),
(444, 264, 18),
(445, 265, 11),
(446, 265, 18),
(447, 266, 5),
(448, 266, 19),
(449, 267, 11),
(450, 267, 12),
(451, 268, 11),
(452, 268, 19),
(453, 269, 9),
(454, 269, 13),
(455, 270, 5),
(456, 270, 15),
(457, 271, 7),
(458, 271, 17),
(459, 272, 1),
(460, 272, 17),
(461, 273, 9),
(462, 273, 15),
(463, 274, 7),
(464, 274, 18),
(465, 275, 6),
(466, 275, 18),
(467, 276, 4),
(468, 276, 19),
(469, 277, 8),
(470, 277, 12),
(471, 278, 4),
(472, 278, 16),
(473, 279, 1),
(474, 279, 18),
(475, 280, 9),
(476, 280, 12),
(477, 281, 6),
(478, 281, 19),
(479, 282, 4),
(480, 282, 17),
(481, 283, 3),
(482, 283, 16),
(483, 284, 8),
(484, 284, 13),
(485, 285, 5),
(486, 285, 15),
(487, 286, 8),
(488, 286, 20),
(489, 287, 10),
(490, 287, 12),
(491, 288, 11),
(492, 288, 14),
(493, 289, 3),
(494, 289, 16),
(495, 290, 9),
(496, 290, 13),
(497, 291, 5),
(498, 291, 19),
(499, 292, 11),
(500, 292, 17),
(501, 293, 5),
(502, 293, 12),
(503, 294, 5),
(504, 294, 13),
(505, 295, 6),
(506, 295, 12),
(507, 296, 6),
(508, 296, 2),
(509, 297, 10),
(510, 297, 19),
(511, 298, 1),
(512, 298, 13),
(513, 299, 1),
(514, 299, 20),
(515, 300, 6),
(516, 300, 19),
(517, 301, 10),
(518, 301, 12),
(519, 302, 3),
(520, 302, 15),
(521, 303, 7),
(522, 303, 16),
(523, 304, 5),
(524, 304, 15),
(525, 305, 9),
(526, 305, 2),
(527, 306, 6),
(528, 306, 16),
(529, 307, 10),
(530, 307, 2),
(531, 308, 5),
(532, 308, 2),
(533, 309, 11),
(534, 309, 17),
(535, 310, 6),
(536, 310, 16),
(537, 311, 7),
(538, 311, 2),
(539, 312, 11),
(540, 312, 18),
(541, 313, 4),
(542, 313, 15),
(543, 314, 8),
(544, 314, 12),
(545, 315, 10),
(546, 315, 18),
(547, 316, 1),
(548, 316, 12),
(549, 317, 3),
(550, 317, 14),
(551, 318, 5),
(552, 318, 19),
(553, 319, 8),
(554, 319, 14),
(555, 320, 9),
(556, 320, 18),
(557, 321, 1),
(558, 321, 12),
(559, 322, 4),
(560, 322, 16),
(561, 323, 8),
(562, 323, 15),
(563, 324, 5),
(564, 324, 17),
(565, 325, 10),
(566, 325, 2),
(567, 326, 10),
(568, 326, 2),
(569, 327, 10),
(570, 327, 2),
(571, 328, 3),
(572, 328, 14),
(573, 329, 6),
(574, 329, 12),
(575, 330, 4),
(576, 330, 20),
(577, 331, 6),
(578, 331, 15),
(579, 332, 3),
(580, 332, 18),
(581, 333, 1),
(582, 333, 13),
(583, 334, 8),
(584, 334, 19),
(585, 335, 1),
(586, 335, 20),
(587, 336, 8),
(588, 336, 15),
(589, 337, 1),
(590, 337, 16),
(591, 338, 8),
(592, 338, 20),
(593, 339, 21),
(594, 339, 22),
(595, 339, 23),
(596, 339, 24),
(597, 339, 25),
(598, 339, 26),
(599, 339, 27),
(600, 339, 28),
(601, 339, 29),
(602, 339, 30),
(603, 340, 31),
(604, 340, 32),
(605, 340, 33),
(606, 340, 34),
(607, 340, 35),
(608, 340, 36),
(609, 340, 37),
(610, 340, 38),
(611, 340, 39),
(612, 340, 40),
(613, 341, 41),
(614, 341, 42),
(615, 341, 43),
(616, 341, 44),
(617, 341, 45),
(618, 341, 46),
(619, 341, 47),
(620, 341, 48),
(621, 341, 49),
(622, 341, 50),
(623, 342, 21),
(624, 342, 51),
(625, 342, 52),
(626, 342, 24),
(627, 342, 53),
(628, 342, 54),
(629, 342, 55),
(630, 342, 26),
(631, 342, 56),
(632, 342, 57),
(633, 343, 21),
(634, 343, 22),
(635, 343, 23),
(636, 343, 24),
(637, 343, 25),
(638, 343, 26),
(639, 343, 27),
(640, 343, 28),
(641, 343, 29),
(642, 343, 30),
(643, 344, 41),
(644, 344, 42),
(645, 344, 43),
(646, 344, 44),
(647, 344, 45),
(648, 344, 46),
(649, 344, 47),
(650, 344, 48),
(651, 344, 49),
(652, 344, 50),
(653, 345, 21),
(654, 345, 22),
(655, 345, 23),
(656, 345, 24),
(657, 345, 25),
(658, 345, 26),
(659, 345, 27),
(660, 345, 28),
(661, 345, 29),
(662, 345, 30),
(663, 346, 21),
(664, 346, 22),
(665, 346, 23),
(666, 346, 24),
(667, 346, 25),
(668, 346, 26),
(669, 346, 27),
(670, 346, 28),
(671, 346, 29),
(672, 346, 30),
(673, 347, 21),
(674, 347, 51),
(675, 347, 52),
(676, 347, 24),
(677, 347, 53),
(678, 347, 54),
(679, 347, 55),
(680, 347, 26),
(681, 347, 56),
(682, 347, 57),
(683, 348, 41),
(684, 348, 42),
(685, 348, 43),
(686, 348, 44),
(687, 348, 45),
(688, 348, 46),
(689, 348, 47),
(690, 348, 48),
(691, 348, 49),
(692, 348, 50),
(693, 349, 41),
(694, 349, 42),
(695, 349, 43),
(696, 349, 44),
(697, 349, 45),
(698, 349, 46),
(699, 349, 47),
(700, 349, 48),
(701, 349, 49),
(702, 349, 50),
(703, 350, 31),
(704, 350, 32),
(705, 350, 33),
(706, 350, 34),
(707, 350, 35),
(708, 350, 36),
(709, 350, 37),
(710, 350, 38),
(711, 350, 39),
(712, 350, 40),
(713, 351, 21),
(714, 351, 22),
(715, 351, 23),
(716, 351, 24),
(717, 351, 25),
(718, 352, 21),
(719, 351, 26),
(720, 352, 22),
(721, 351, 27),
(722, 353, 21),
(723, 352, 23),
(724, 351, 28),
(725, 353, 22),
(726, 352, 24),
(727, 351, 29),
(728, 353, 23),
(729, 352, 25),
(730, 351, 30),
(731, 353, 24),
(732, 352, 26),
(733, 353, 25),
(734, 352, 27),
(735, 353, 26),
(736, 352, 28),
(737, 353, 27),
(738, 352, 29),
(739, 353, 28),
(740, 352, 30),
(741, 353, 29),
(742, 353, 30),
(743, 354, 21),
(744, 354, 51),
(745, 354, 52),
(746, 354, 24),
(747, 354, 53),
(748, 354, 54),
(749, 354, 55),
(750, 354, 26),
(751, 354, 56),
(752, 354, 57),
(753, 355, 41),
(754, 355, 42),
(755, 355, 43),
(756, 355, 44),
(757, 355, 45),
(758, 355, 46),
(759, 355, 47),
(760, 355, 48),
(761, 355, 49),
(762, 355, 50),
(763, 356, 41),
(764, 356, 42),
(765, 356, 43),
(766, 356, 44),
(767, 356, 45),
(768, 356, 46),
(769, 356, 47),
(770, 356, 48),
(771, 356, 49),
(772, 356, 50),
(773, 357, 21),
(774, 357, 22),
(775, 357, 23),
(776, 357, 24),
(777, 357, 25),
(778, 357, 26),
(779, 357, 27),
(780, 357, 28),
(781, 358, 21),
(782, 357, 29),
(783, 358, 22),
(784, 357, 30),
(785, 358, 23),
(786, 358, 24),
(787, 358, 25),
(788, 358, 26),
(789, 358, 27),
(790, 358, 28),
(791, 358, 29),
(792, 358, 30),
(793, 359, 21),
(794, 359, 51),
(795, 359, 52),
(796, 359, 24),
(797, 359, 53),
(798, 359, 54),
(799, 359, 55),
(800, 359, 26),
(801, 359, 56),
(802, 359, 57),
(803, 360, 41),
(804, 360, 42),
(805, 360, 43),
(806, 360, 44),
(807, 360, 45),
(808, 360, 46),
(809, 360, 47),
(810, 360, 48),
(811, 360, 49),
(812, 360, 50),
(813, 361, 41),
(814, 361, 42),
(815, 361, 43),
(816, 361, 44),
(817, 361, 45),
(818, 361, 46),
(819, 361, 47),
(820, 361, 48),
(821, 361, 49),
(822, 361, 50),
(823, 362, 21),
(824, 362, 22),
(825, 362, 23),
(826, 362, 24),
(827, 362, 25),
(828, 362, 26),
(829, 362, 27),
(830, 362, 28),
(831, 362, 29),
(832, 362, 30),
(833, 363, 41),
(834, 363, 42),
(835, 363, 43),
(836, 363, 44),
(837, 363, 45),
(838, 363, 46),
(839, 363, 47),
(840, 363, 48),
(841, 363, 49),
(842, 363, 50),
(843, 364, 58),
(844, 364, 59),
(845, 364, 60),
(846, 364, 61),
(847, 364, 62),
(848, 364, 63),
(849, 364, 64),
(850, 364, 65),
(851, 364, 66),
(852, 364, 67),
(853, 365, 68),
(854, 365, 69),
(855, 365, 70),
(856, 365, 62),
(857, 365, 71),
(858, 365, 72),
(859, 365, 73),
(860, 365, 74),
(861, 365, 33),
(862, 365, 42),
(863, 366, 41),
(864, 366, 42),
(865, 366, 43),
(866, 366, 44),
(867, 366, 45),
(868, 366, 46),
(869, 366, 47),
(870, 366, 48),
(871, 366, 49),
(872, 366, 50),
(873, 367, 41),
(874, 367, 42),
(875, 367, 43),
(876, 367, 44),
(877, 367, 45),
(878, 367, 46),
(879, 367, 47),
(880, 367, 48),
(881, 367, 49),
(882, 367, 50),
(883, 368, 68),
(884, 368, 69),
(885, 368, 70),
(886, 368, 62),
(887, 368, 71),
(888, 368, 72),
(889, 368, 73),
(890, 368, 74),
(891, 368, 33),
(892, 368, 42),
(893, 369, 31),
(894, 369, 32),
(895, 369, 33),
(896, 369, 34),
(897, 369, 35),
(898, 369, 36),
(899, 369, 37),
(900, 369, 38),
(901, 369, 39),
(902, 369, 40),
(903, 370, 21),
(904, 370, 22),
(905, 370, 23),
(906, 370, 24),
(907, 370, 25),
(908, 370, 26),
(909, 370, 27),
(910, 370, 28),
(911, 370, 29),
(912, 370, 30),
(913, 371, 21),
(914, 371, 76),
(915, 371, 21),
(916, 371, 77),
(917, 371, 78),
(918, 371, 79),
(919, 371, 80),
(920, 371, 81),
(921, 371, 35),
(922, 371, 82),
(923, 372, 31),
(924, 372, 32),
(925, 372, 33),
(926, 372, 34),
(927, 372, 35),
(928, 372, 36),
(929, 372, 37),
(930, 372, 38),
(931, 372, 39),
(932, 372, 40),
(933, 373, 31),
(934, 373, 32),
(935, 373, 33),
(936, 373, 34),
(937, 373, 35),
(938, 373, 36),
(939, 373, 37),
(940, 373, 38),
(941, 373, 39),
(942, 373, 40),
(943, 374, 41),
(944, 374, 42),
(945, 374, 43),
(946, 374, 44),
(947, 374, 45),
(948, 374, 46),
(949, 374, 47),
(950, 374, 48),
(951, 374, 49),
(952, 374, 50),
(953, 375, 41),
(954, 375, 42),
(955, 375, 43),
(956, 375, 44),
(957, 375, 45),
(958, 375, 46),
(959, 376, 41),
(960, 375, 47),
(961, 376, 42),
(962, 375, 48),
(963, 376, 43),
(964, 375, 49),
(965, 376, 44),
(966, 377, 41),
(967, 375, 50),
(968, 377, 42),
(969, 376, 45),
(970, 378, 21),
(971, 377, 43),
(972, 376, 46),
(973, 378, 51),
(974, 377, 44),
(975, 376, 47),
(976, 378, 52),
(977, 376, 48),
(978, 377, 45),
(979, 378, 24),
(980, 377, 46),
(981, 376, 49),
(982, 378, 53),
(983, 379, 21),
(984, 377, 47),
(985, 376, 50),
(986, 378, 54),
(987, 379, 51),
(988, 377, 48),
(989, 379, 52),
(990, 378, 55),
(991, 377, 49),
(992, 379, 24),
(993, 378, 26),
(994, 377, 50),
(995, 379, 53),
(996, 378, 56),
(997, 378, 57),
(998, 379, 54),
(999, 379, 55),
(1000, 379, 26),
(1001, 379, 56),
(1002, 379, 57),
(1003, 380, 31),
(1004, 381, 31),
(1005, 380, 32),
(1006, 381, 32),
(1007, 380, 33),
(1008, 381, 33),
(1009, 380, 34),
(1010, 381, 34),
(1011, 380, 35),
(1012, 381, 35),
(1013, 380, 36),
(1014, 381, 36),
(1015, 380, 37),
(1016, 381, 37),
(1017, 380, 38),
(1018, 381, 38),
(1019, 380, 39),
(1020, 381, 39),
(1021, 380, 40),
(1022, 381, 40),
(1023, 382, 83),
(1024, 382, 72),
(1025, 382, 84),
(1026, 382, 85),
(1027, 382, 86),
(1028, 382, 87),
(1029, 382, 88),
(1030, 382, 89),
(1031, 382, 90),
(1032, 382, 91),
(1033, 383, 31),
(1034, 383, 32),
(1035, 383, 33),
(1036, 383, 34),
(1037, 383, 35),
(1038, 383, 36),
(1039, 383, 37),
(1040, 383, 38),
(1041, 383, 39),
(1042, 383, 40),
(1043, 384, 21),
(1044, 384, 22),
(1045, 384, 23),
(1046, 384, 24),
(1047, 384, 25),
(1048, 384, 26),
(1049, 384, 27),
(1050, 384, 28),
(1051, 384, 29),
(1052, 384, 30),
(1053, 385, 21),
(1054, 385, 51),
(1055, 385, 52),
(1056, 385, 24),
(1057, 385, 53),
(1058, 385, 54),
(1059, 385, 55),
(1060, 385, 26),
(1061, 385, 56),
(1062, 385, 57),
(1063, 386, 89),
(1064, 386, 93),
(1065, 386, 94),
(1066, 386, 72),
(1067, 386, 81),
(1068, 386, 96),
(1069, 386, 97),
(1070, 386, 98),
(1071, 386, 99),
(1072, 386, 87),
(1073, 387, 89),
(1074, 387, 93),
(1075, 387, 94),
(1076, 387, 72),
(1077, 387, 81),
(1078, 387, 96),
(1079, 387, 97),
(1080, 387, 98),
(1081, 387, 99),
(1082, 387, 87),
(1083, 388, 83),
(1084, 388, 72),
(1085, 388, 84),
(1086, 388, 85),
(1087, 388, 86),
(1088, 388, 87),
(1089, 388, 88),
(1090, 388, 89),
(1091, 388, 90),
(1092, 388, 91),
(1093, 389, 21),
(1094, 389, 76),
(1095, 389, 21),
(1096, 389, 77),
(1097, 389, 78),
(1098, 389, 79),
(1099, 389, 80),
(1100, 389, 81),
(1101, 389, 35),
(1102, 389, 82),
(1103, 390, 72),
(1104, 390, 33),
(1105, 390, 100),
(1106, 390, 61),
(1107, 390, 101),
(1108, 390, 102),
(1109, 390, 103),
(1110, 390, 104),
(1111, 390, 105),
(1112, 390, 106),
(1113, 391, 107),
(1114, 391, 108),
(1115, 391, 109),
(1116, 391, 110),
(1117, 391, 111),
(1118, 391, 112),
(1119, 391, 113),
(1120, 391, 114),
(1121, 391, 101),
(1122, 391, 57),
(1123, 392, 68),
(1124, 392, 69),
(1125, 392, 70),
(1126, 392, 62),
(1127, 392, 71),
(1128, 392, 72),
(1129, 392, 73),
(1130, 392, 74),
(1131, 392, 33),
(1132, 392, 42),
(1133, 393, 41),
(1134, 393, 42),
(1135, 393, 43),
(1136, 393, 44),
(1137, 393, 45),
(1138, 393, 46),
(1139, 393, 47),
(1140, 393, 48),
(1141, 393, 49),
(1142, 393, 50),
(1143, 394, 21),
(1144, 394, 22),
(1145, 394, 23),
(1146, 394, 24),
(1147, 394, 25),
(1148, 394, 26),
(1149, 394, 27),
(1150, 394, 28),
(1151, 394, 29),
(1152, 394, 30),
(1153, 395, 21),
(1154, 395, 76),
(1155, 395, 21),
(1156, 395, 77),
(1157, 395, 78),
(1158, 395, 79),
(1159, 395, 80),
(1160, 395, 81),
(1161, 395, 35),
(1162, 395, 82),
(1163, 396, 31),
(1164, 396, 32),
(1165, 396, 33),
(1166, 396, 34),
(1167, 396, 35),
(1168, 396, 36),
(1169, 396, 37),
(1170, 396, 38),
(1171, 396, 39),
(1172, 396, 40),
(1173, 397, 68),
(1174, 397, 69),
(1175, 397, 70),
(1176, 397, 62),
(1177, 397, 71),
(1178, 397, 72),
(1179, 397, 73),
(1180, 397, 74),
(1181, 397, 33),
(1182, 397, 42),
(1183, 398, 21),
(1184, 398, 51),
(1185, 398, 52),
(1186, 398, 24),
(1187, 398, 53),
(1188, 398, 54),
(1189, 398, 55),
(1190, 398, 26),
(1191, 398, 56),
(1192, 398, 57),
(1193, 399, 89),
(1194, 399, 93),
(1195, 399, 94),
(1196, 399, 72),
(1197, 399, 81),
(1198, 399, 96),
(1199, 399, 97),
(1200, 399, 98),
(1201, 399, 99),
(1202, 399, 87),
(1203, 400, 72),
(1204, 400, 33),
(1205, 400, 100),
(1206, 400, 61),
(1207, 400, 101),
(1208, 400, 102),
(1209, 400, 103),
(1210, 400, 104),
(1211, 400, 105),
(1212, 400, 106),
(1213, 401, 83),
(1214, 401, 72),
(1215, 401, 84),
(1216, 401, 85),
(1217, 401, 86),
(1218, 401, 87),
(1219, 401, 88),
(1220, 401, 89),
(1221, 401, 90),
(1222, 401, 91),
(1223, 402, 107),
(1224, 402, 108),
(1225, 402, 109),
(1226, 402, 110),
(1227, 402, 111),
(1228, 402, 112),
(1229, 402, 113),
(1230, 402, 114),
(1231, 402, 101),
(1232, 402, 57),
(1233, 403, 115),
(1234, 403, 23),
(1235, 403, 110),
(1236, 403, 116),
(1237, 403, 117),
(1238, 403, 118),
(1239, 403, 119),
(1240, 403, 120),
(1241, 403, 121),
(1242, 403, 122),
(1243, 404, 123),
(1244, 404, 124),
(1245, 404, 125),
(1246, 404, 126),
(1247, 404, 127),
(1248, 404, 128),
(1249, 404, 113),
(1250, 404, 130),
(1251, 404, 131),
(1252, 404, 132),
(1253, 405, 133),
(1254, 405, 134),
(1255, 405, 72),
(1256, 405, 81),
(1257, 405, 101),
(1258, 405, 138),
(1259, 405, 139),
(1260, 405, 140),
(1261, 405, 141),
(1262, 405, 142),
(1263, 406, 123),
(1264, 406, 124),
(1265, 406, 125),
(1266, 406, 126),
(1267, 406, 127),
(1268, 406, 128),
(1269, 406, 113),
(1270, 406, 130),
(1271, 406, 131),
(1272, 406, 132),
(1273, 407, 21),
(1274, 407, 22),
(1275, 407, 23),
(1276, 407, 24),
(1277, 407, 25),
(1278, 407, 26),
(1279, 407, 27),
(1280, 407, 28),
(1281, 407, 29),
(1282, 407, 30),
(1283, 408, 21),
(1284, 408, 51),
(1285, 408, 52),
(1286, 408, 24),
(1287, 408, 53),
(1288, 408, 54),
(1289, 408, 55),
(1290, 408, 26),
(1291, 408, 56),
(1292, 408, 57),
(1293, 409, 133),
(1294, 409, 134),
(1295, 409, 72),
(1296, 409, 81),
(1297, 409, 101),
(1298, 409, 138),
(1299, 409, 139),
(1300, 409, 140),
(1301, 409, 141),
(1302, 409, 142),
(1303, 410, 31),
(1304, 410, 32),
(1305, 410, 33),
(1306, 410, 34),
(1307, 410, 35),
(1308, 410, 36),
(1309, 410, 37),
(1310, 410, 38),
(1311, 410, 39),
(1312, 410, 40),
(1313, 411, 58),
(1314, 411, 59),
(1315, 411, 60),
(1316, 411, 61),
(1317, 411, 62),
(1318, 411, 63),
(1319, 411, 64),
(1320, 411, 65),
(1321, 411, 66),
(1322, 411, 67),
(1323, 412, 89),
(1324, 412, 93),
(1325, 412, 94),
(1326, 412, 72),
(1327, 412, 81),
(1328, 412, 96),
(1329, 412, 97),
(1330, 412, 98),
(1331, 412, 99),
(1332, 412, 87),
(1333, 413, 83),
(1334, 413, 72),
(1335, 413, 84),
(1336, 413, 85),
(1337, 413, 86),
(1338, 413, 87),
(1339, 413, 88),
(1340, 413, 89),
(1341, 413, 90),
(1342, 413, 91),
(1343, 414, 41),
(1344, 414, 42),
(1345, 414, 43),
(1346, 414, 44),
(1347, 414, 45),
(1348, 414, 46),
(1349, 414, 47),
(1350, 414, 48),
(1351, 414, 49),
(1352, 414, 50),
(1353, 415, 115),
(1354, 415, 23),
(1355, 415, 110),
(1356, 415, 116),
(1357, 415, 117),
(1358, 415, 118),
(1359, 415, 119),
(1360, 415, 120),
(1361, 415, 121),
(1362, 415, 122),
(1363, 416, 143),
(1364, 416, 144),
(1365, 416, 145),
(1366, 416, 146),
(1367, 416, 147),
(1368, 416, 148),
(1369, 416, 149),
(1370, 416, 150),
(1371, 416, 101),
(1372, 416, 151),
(1373, 417, 1),
(1374, 417, 19),
(1375, 418, 152),
(1376, 418, 35),
(1377, 418, 153),
(1378, 418, 154),
(1379, 418, 155),
(1380, 418, 156),
(1381, 418, 157),
(1382, 418, 158),
(1383, 418, 159),
(1384, 418, 160),
(1385, 419, 72),
(1386, 419, 33),
(1387, 419, 100),
(1388, 419, 61),
(1389, 419, 101),
(1390, 419, 102),
(1391, 419, 103),
(1392, 419, 104),
(1393, 419, 105),
(1394, 419, 106),
(1395, 420, 41),
(1396, 420, 42),
(1397, 420, 43),
(1398, 420, 44),
(1399, 420, 45),
(1400, 420, 46),
(1401, 420, 47),
(1402, 420, 48),
(1403, 420, 49),
(1404, 420, 50),
(1405, 421, 58),
(1406, 421, 59),
(1407, 421, 60),
(1408, 421, 61),
(1409, 421, 62),
(1410, 421, 63),
(1411, 421, 64),
(1412, 421, 65),
(1413, 421, 66),
(1414, 421, 67),
(1415, 422, 41),
(1416, 422, 42),
(1417, 422, 43),
(1418, 422, 44),
(1419, 422, 45),
(1420, 422, 46),
(1421, 422, 47),
(1422, 422, 48),
(1423, 422, 49),
(1424, 422, 50),
(1425, 423, 41),
(1426, 423, 42),
(1427, 423, 43),
(1428, 423, 44),
(1429, 423, 45),
(1430, 423, 46),
(1431, 423, 47),
(1432, 423, 48),
(1433, 423, 49),
(1434, 423, 50),
(1435, 424, 31),
(1436, 424, 32),
(1437, 424, 33),
(1438, 424, 34),
(1439, 424, 35),
(1440, 424, 36),
(1441, 424, 37),
(1442, 424, 38),
(1443, 424, 39),
(1444, 424, 40),
(1445, 425, 41),
(1446, 425, 42),
(1447, 425, 43),
(1448, 425, 44),
(1449, 425, 45),
(1450, 425, 46),
(1451, 425, 47),
(1452, 425, 48),
(1453, 425, 49),
(1454, 425, 50),
(1455, 426, 83),
(1456, 426, 72),
(1457, 426, 84),
(1458, 426, 85),
(1459, 426, 86),
(1460, 426, 87),
(1461, 426, 88),
(1462, 426, 89),
(1463, 426, 90),
(1464, 426, 91),
(1465, 427, 83),
(1466, 427, 72),
(1467, 427, 84),
(1468, 427, 85),
(1469, 427, 86),
(1470, 427, 87),
(1471, 427, 88),
(1472, 427, 89),
(1473, 427, 90),
(1474, 427, 91),
(1475, 428, 21),
(1476, 428, 22),
(1477, 428, 23),
(1478, 428, 24),
(1479, 428, 25),
(1480, 428, 26),
(1481, 428, 27),
(1482, 428, 28),
(1483, 428, 29),
(1484, 428, 30),
(1485, 429, 11),
(1486, 429, 19),
(1487, 430, 10),
(1488, 430, 19),
(1489, 431, 9),
(1490, 431, 2),
(1491, 432, 4),
(1492, 432, 13),
(1493, 433, 10),
(1494, 433, 19),
(1495, 434, 123),
(1496, 434, 124),
(1497, 434, 125),
(1498, 434, 126),
(1499, 434, 127),
(1500, 434, 128),
(1501, 434, 113),
(1502, 434, 130),
(1503, 434, 131),
(1504, 434, 132),
(1505, 435, 143),
(1506, 435, 144),
(1507, 435, 145),
(1508, 435, 146),
(1509, 435, 147),
(1510, 435, 148),
(1511, 435, 149),
(1512, 435, 150),
(1513, 435, 101),
(1514, 435, 151),
(1515, 436, 81),
(1516, 436, 24),
(1517, 436, 54),
(1518, 436, 161),
(1519, 436, 97),
(1520, 436, 162),
(1521, 436, 163),
(1522, 436, 164),
(1523, 436, 154),
(1524, 436, 58),
(1525, 437, 72),
(1526, 437, 97),
(1527, 437, 166),
(1528, 437, 167),
(1529, 437, 168),
(1530, 437, 142),
(1531, 437, 33),
(1532, 437, 170),
(1533, 437, 59),
(1534, 437, 102),
(1535, 438, 6),
(1536, 438, 15),
(1537, 439, 10),
(1538, 439, 18),
(1539, 440, 5),
(1540, 440, 14),
(1541, 441, 11),
(1542, 441, 12),
(1543, 442, 4),
(1544, 442, 20),
(1545, 443, 10),
(1546, 443, 16),
(1547, 444, 11),
(1548, 444, 15),
(1549, 445, 9),
(1550, 445, 13),
(1551, 446, 1),
(1552, 446, 12),
(1553, 447, 8),
(1554, 447, 14),
(1555, 448, 4),
(1556, 448, 2),
(1557, 449, 3),
(1558, 449, 16),
(1559, 450, 10),
(1560, 450, 20),
(1561, 451, 10),
(1562, 451, 12),
(1563, 452, 4),
(1564, 452, 2),
(1565, 453, 4),
(1566, 453, 14),
(1567, 454, 9),
(1568, 454, 2),
(1569, 455, 11),
(1570, 455, 12),
(1571, 456, 10),
(1572, 456, 15),
(1573, 457, 5),
(1574, 457, 18),
(1575, 458, 6),
(1576, 458, 14),
(1577, 459, 8),
(1578, 459, 14),
(1579, 460, 11),
(1580, 460, 2),
(1581, 461, 3),
(1582, 461, 20),
(1583, 462, 6),
(1584, 462, 17),
(1585, 463, 171),
(1586, 463, 172),
(1587, 463, 173),
(1588, 463, 174),
(1589, 463, 175),
(1590, 463, 176),
(1591, 463, 177),
(1592, 463, 178),
(1593, 463, 179),
(1594, 463, 180),
(1595, 464, 41),
(1596, 464, 42),
(1597, 464, 43),
(1598, 464, 44),
(1599, 464, 45),
(1600, 464, 46),
(1601, 464, 47),
(1602, 464, 48),
(1603, 464, 49),
(1604, 464, 50),
(1605, 465, 21),
(1606, 465, 51),
(1607, 465, 52),
(1608, 465, 24),
(1609, 465, 53),
(1610, 465, 54),
(1611, 465, 55),
(1612, 465, 26),
(1613, 465, 56),
(1614, 465, 57),
(1615, 466, 31),
(1616, 466, 32),
(1617, 466, 33),
(1618, 466, 34),
(1619, 466, 35),
(1620, 466, 36),
(1621, 466, 37),
(1622, 466, 38),
(1623, 466, 39),
(1624, 466, 40),
(1625, 467, 31),
(1626, 467, 32),
(1627, 467, 33),
(1628, 467, 34),
(1629, 467, 35),
(1630, 467, 36),
(1631, 467, 37),
(1632, 467, 38),
(1633, 467, 39),
(1634, 467, 40),
(1635, 468, 152),
(1636, 468, 35),
(1637, 468, 153),
(1638, 468, 154),
(1639, 468, 155),
(1640, 468, 156),
(1641, 468, 157),
(1642, 468, 158),
(1643, 468, 159),
(1644, 468, 160),
(1645, 469, 72),
(1646, 469, 33),
(1647, 469, 100),
(1648, 469, 61),
(1649, 469, 101),
(1650, 469, 102),
(1651, 469, 103),
(1652, 469, 104),
(1653, 469, 105),
(1654, 469, 106),
(1655, 470, 31),
(1656, 470, 32),
(1657, 470, 33),
(1658, 470, 34),
(1659, 470, 35),
(1660, 470, 36),
(1661, 470, 37),
(1662, 470, 38),
(1663, 470, 39),
(1664, 470, 40),
(1665, 471, 83),
(1666, 471, 72),
(1667, 471, 84),
(1668, 471, 85),
(1669, 471, 86),
(1670, 471, 87),
(1671, 471, 88),
(1672, 471, 89),
(1673, 471, 90),
(1674, 471, 91),
(1675, 472, 21),
(1676, 472, 22),
(1677, 472, 23),
(1678, 472, 24),
(1679, 472, 25),
(1680, 472, 26),
(1681, 472, 27),
(1682, 472, 28),
(1683, 472, 29),
(1684, 472, 30),
(1685, 473, 171),
(1686, 473, 172),
(1687, 473, 173),
(1688, 473, 174),
(1689, 473, 175),
(1690, 473, 176),
(1691, 473, 177),
(1692, 473, 178),
(1693, 473, 179),
(1694, 473, 180),
(1695, 474, 171),
(1696, 474, 172),
(1697, 474, 173),
(1698, 474, 174),
(1699, 474, 175),
(1700, 474, 176),
(1701, 474, 177),
(1702, 474, 178),
(1703, 474, 179),
(1704, 474, 180),
(1705, 475, 21),
(1706, 475, 22),
(1707, 475, 23),
(1708, 475, 24),
(1709, 475, 25),
(1710, 475, 26),
(1711, 475, 27),
(1712, 475, 28),
(1713, 475, 29),
(1714, 475, 30),
(1715, 476, 72),
(1716, 476, 33),
(1717, 476, 100),
(1718, 476, 61),
(1719, 476, 101),
(1720, 476, 102),
(1721, 476, 103),
(1722, 476, 104),
(1723, 476, 105),
(1724, 476, 106),
(1725, 477, 58),
(1726, 477, 33),
(1727, 477, 100),
(1728, 477, 76),
(1729, 477, 93),
(1730, 477, 181),
(1731, 477, 35),
(1732, 477, 82),
(1733, 477, 182),
(1734, 477, 183),
(1735, 478, 89),
(1736, 478, 93),
(1737, 478, 94),
(1738, 478, 72),
(1739, 478, 81),
(1740, 478, 96),
(1741, 478, 97),
(1742, 478, 98),
(1743, 478, 99),
(1744, 478, 87),
(1745, 479, 21),
(1746, 479, 51),
(1747, 479, 52),
(1748, 479, 24),
(1749, 479, 53),
(1750, 479, 54),
(1751, 479, 55),
(1752, 479, 26),
(1753, 479, 56),
(1754, 479, 57),
(1755, 480, 41),
(1756, 480, 42),
(1757, 480, 43),
(1758, 480, 44),
(1759, 480, 45),
(1760, 480, 46),
(1761, 480, 47),
(1762, 480, 48),
(1763, 480, 49),
(1764, 480, 50),
(1765, 481, 21),
(1766, 481, 22),
(1767, 481, 23),
(1768, 481, 24),
(1769, 481, 25),
(1770, 481, 26),
(1771, 481, 27),
(1772, 481, 28),
(1773, 481, 29),
(1774, 481, 30),
(1775, 482, 31),
(1776, 482, 32),
(1777, 482, 33),
(1778, 482, 34),
(1779, 482, 35),
(1780, 482, 36),
(1781, 482, 37),
(1782, 482, 38),
(1783, 482, 39),
(1784, 482, 40),
(1785, 483, 68),
(1786, 483, 69),
(1787, 483, 70),
(1788, 483, 62),
(1789, 483, 71),
(1790, 483, 72),
(1791, 483, 73),
(1792, 483, 74),
(1793, 483, 33),
(1794, 483, 42),
(1795, 484, 107),
(1796, 484, 108),
(1797, 484, 109),
(1798, 484, 110),
(1799, 484, 111),
(1800, 484, 112),
(1801, 484, 113),
(1802, 484, 114),
(1803, 484, 101),
(1804, 484, 57),
(1805, 485, 58),
(1806, 485, 59),
(1807, 485, 60),
(1808, 485, 61),
(1809, 485, 62),
(1810, 485, 63),
(1811, 485, 64),
(1812, 485, 65),
(1813, 485, 66),
(1814, 485, 67),
(1815, 486, 81),
(1816, 486, 24),
(1817, 486, 54),
(1818, 486, 161),
(1819, 486, 97),
(1820, 486, 162),
(1821, 486, 163),
(1822, 486, 164),
(1823, 486, 154),
(1824, 486, 58),
(1825, 487, 21),
(1826, 487, 76),
(1827, 487, 21),
(1828, 487, 77),
(1829, 487, 78),
(1830, 487, 79),
(1831, 487, 80),
(1832, 487, 81),
(1833, 487, 35),
(1834, 487, 82),
(1835, 488, 41),
(1836, 488, 42),
(1837, 488, 43),
(1838, 488, 44),
(1839, 488, 45),
(1840, 488, 46),
(1841, 488, 47),
(1842, 488, 48),
(1843, 488, 49),
(1844, 488, 50),
(1845, 489, 21),
(1846, 489, 22),
(1847, 489, 23),
(1848, 489, 24),
(1849, 489, 25),
(1850, 489, 26),
(1851, 489, 27),
(1852, 489, 28),
(1853, 489, 29),
(1854, 489, 30),
(1855, 490, 72),
(1856, 490, 33),
(1857, 490, 100),
(1858, 490, 61),
(1859, 490, 101),
(1860, 490, 102),
(1861, 490, 103),
(1862, 490, 104),
(1863, 490, 105),
(1864, 490, 106),
(1865, 491, 21),
(1866, 491, 51),
(1867, 491, 52),
(1868, 491, 24),
(1869, 491, 53),
(1870, 491, 54),
(1871, 491, 55),
(1872, 491, 26),
(1873, 491, 56),
(1874, 491, 57),
(1875, 492, 21),
(1876, 492, 76),
(1877, 492, 21),
(1878, 492, 77),
(1879, 492, 78),
(1880, 492, 79),
(1881, 492, 80),
(1882, 492, 81),
(1883, 492, 35),
(1884, 492, 82),
(1885, 493, 72),
(1886, 493, 33),
(1887, 493, 100),
(1888, 493, 61),
(1889, 493, 101),
(1890, 493, 102),
(1891, 493, 103),
(1892, 493, 104),
(1893, 493, 105),
(1894, 493, 106),
(1895, 494, 21),
(1896, 494, 22),
(1897, 494, 23),
(1898, 494, 24),
(1899, 494, 25),
(1900, 494, 26),
(1901, 494, 27),
(1902, 494, 28),
(1903, 494, 29),
(1904, 494, 30),
(1905, 495, 41),
(1906, 495, 42),
(1907, 495, 43),
(1908, 495, 44),
(1909, 495, 45),
(1910, 495, 46),
(1911, 495, 47),
(1912, 495, 48),
(1913, 495, 49),
(1914, 495, 50),
(1915, 496, 21),
(1916, 496, 51),
(1917, 496, 52),
(1918, 496, 24),
(1919, 496, 53),
(1920, 496, 54),
(1921, 496, 55),
(1922, 496, 26),
(1923, 496, 56),
(1924, 496, 57),
(1925, 497, 72),
(1926, 497, 33),
(1927, 497, 100),
(1928, 497, 61),
(1929, 497, 101),
(1930, 497, 102),
(1931, 497, 103),
(1932, 497, 104),
(1933, 497, 105),
(1934, 497, 106),
(1935, 498, 41),
(1936, 498, 42),
(1937, 498, 43),
(1938, 498, 44),
(1939, 498, 45),
(1940, 498, 46),
(1941, 498, 47),
(1942, 498, 48),
(1943, 498, 49),
(1944, 498, 50),
(1945, 499, 83),
(1946, 499, 72),
(1947, 499, 84),
(1948, 499, 85),
(1949, 499, 86),
(1950, 499, 87),
(1951, 499, 88),
(1952, 499, 89),
(1953, 499, 90),
(1954, 499, 91),
(1955, 500, 107),
(1956, 500, 108),
(1957, 500, 109),
(1958, 500, 110),
(1959, 500, 111),
(1960, 500, 112),
(1961, 500, 113),
(1962, 500, 114),
(1963, 500, 101),
(1964, 500, 57),
(1965, 501, 68),
(1966, 501, 69),
(1967, 501, 70),
(1968, 501, 62),
(1969, 501, 71),
(1970, 501, 72),
(1971, 501, 73),
(1972, 501, 74),
(1973, 501, 33),
(1974, 501, 42),
(1975, 502, 7),
(1976, 502, 19),
(1977, 503, 3),
(1978, 503, 12),
(1979, 504, 3),
(1980, 504, 12),
(1981, 505, 9),
(1982, 505, 15),
(1983, 506, 3),
(1984, 506, 14),
(1985, 507, 6),
(1986, 507, 18),
(1987, 508, 13),
(1988, 508, 15),
(1989, 509, 21),
(1990, 509, 51),
(1991, 509, 52),
(1992, 509, 24),
(1993, 509, 53),
(1994, 509, 54),
(1995, 509, 55),
(1996, 509, 26),
(1997, 509, 56),
(1998, 509, 57),
(1999, 510, 31),
(2000, 510, 32),
(2001, 510, 33),
(2002, 510, 34),
(2003, 510, 35),
(2004, 510, 36),
(2005, 510, 37),
(2006, 510, 38),
(2007, 510, 39),
(2008, 510, 40),
(2009, 511, 21),
(2010, 511, 22),
(2011, 511, 23),
(2012, 511, 24),
(2013, 511, 25),
(2014, 511, 26),
(2015, 511, 27),
(2016, 511, 28),
(2017, 511, 29),
(2018, 511, 30),
(2019, 512, 107),
(2020, 512, 108),
(2021, 512, 109),
(2022, 512, 110),
(2023, 512, 111),
(2024, 512, 112),
(2025, 512, 113),
(2026, 512, 114),
(2027, 512, 101),
(2028, 512, 57),
(2029, 513, 89),
(2030, 513, 93),
(2031, 513, 94),
(2032, 513, 72),
(2033, 513, 81),
(2034, 513, 96),
(2035, 513, 97),
(2036, 513, 98),
(2037, 513, 99),
(2038, 513, 87),
(2039, 514, 41),
(2040, 514, 42),
(2041, 514, 43),
(2042, 514, 44),
(2043, 514, 45),
(2044, 514, 46),
(2045, 514, 47),
(2046, 514, 48),
(2047, 514, 49),
(2048, 514, 50),
(2049, 515, 21),
(2050, 515, 22),
(2051, 515, 23),
(2052, 515, 24),
(2053, 515, 25),
(2054, 515, 26),
(2055, 515, 27),
(2056, 515, 28),
(2057, 515, 29),
(2058, 515, 30),
(2059, 516, 83),
(2060, 516, 72),
(2061, 516, 84),
(2062, 516, 85),
(2063, 516, 86),
(2064, 516, 87),
(2065, 516, 88),
(2066, 516, 89),
(2067, 516, 90),
(2068, 516, 91),
(2069, 517, 184),
(2070, 517, 34),
(2071, 517, 81),
(2072, 517, 58),
(2073, 517, 185),
(2074, 517, 186),
(2075, 517, 187),
(2076, 517, 188),
(2077, 517, 189),
(2078, 517, 190),
(2079, 518, 191),
(2080, 518, 192),
(2081, 518, 193),
(2082, 518, 101),
(2083, 518, 194),
(2084, 518, 195),
(2085, 518, 196),
(2086, 518, 197),
(2087, 518, 93),
(2088, 518, 198),
(2089, 519, 199),
(2090, 519, 200),
(2091, 519, 201),
(2092, 519, 34),
(2093, 519, 202),
(2094, 519, 36),
(2095, 519, 203),
(2096, 519, 93),
(2097, 519, 69),
(2098, 519, 204),
(2099, 520, 81),
(2100, 520, 205),
(2101, 520, 206),
(2102, 520, 34),
(2103, 520, 196),
(2104, 520, 207),
(2105, 520, 208),
(2106, 520, 209),
(2107, 520, 210),
(2108, 520, 211),
(2109, 521, 9),
(2110, 521, 14),
(2111, 522, 11),
(2112, 522, 12),
(2113, 523, 4),
(2114, 523, 19),
(2115, 524, 3),
(2116, 524, 15),
(2117, 525, 8),
(2118, 525, 13),
(2119, 526, 10),
(2120, 526, 12),
(2121, 527, 5),
(2122, 527, 16),
(2123, 528, 4),
(2124, 528, 15),
(2125, 529, 6),
(2126, 529, 20),
(2127, 530, 7),
(2128, 530, 14),
(2129, 531, 9),
(2130, 531, 15),
(2131, 532, 1),
(2132, 532, 15),
(2133, 533, 8),
(2134, 533, 18),
(2135, 534, 4),
(2136, 534, 20);

-- --------------------------------------------------------

--
-- Table structure for table `Responses`
--

CREATE TABLE IF NOT EXISTS `Responses` (
  `ID` int(11) NOT NULL,
  `Rating` int(11) DEFAULT NULL,
  `Scope` int(11) NOT NULL,
  `ResponseTime` timestamp NOT NULL DEFAULT CURRENT_TIMESTAMP
) ENGINE=InnoDB AUTO_INCREMENT=535 DEFAULT CHARSET=latin1;

--
-- Dumping data for table `Responses`
--

INSERT INTO `Responses` (`ID`, `Rating`, `Scope`, `ResponseTime`) VALUES
(53, 0, 1, '2013-11-05 15:44:29'),
(54, 1, 1, '2013-11-05 15:44:33'),
(55, 0, 1, '2013-11-05 15:44:36'),
(56, 2, 1, '2013-11-05 15:44:39'),
(57, 1, 1, '2013-11-05 15:44:41'),
(58, -1, 1, '2013-11-05 15:44:44'),
(59, 0, 1, '2013-11-05 15:44:47'),
(60, 2, 1, '2013-11-05 15:44:51'),
(61, 1, 1, '2013-11-05 15:44:54'),
(62, 0, 1, '2013-11-05 15:44:59'),
(63, -1, 1, '2013-11-05 15:45:03'),
(64, 0, 1, '2013-11-05 15:45:05'),
(65, 1, 1, '2013-11-05 15:45:08'),
(66, 2, 1, '2013-11-05 15:45:12'),
(67, 1, 1, '2013-11-05 15:45:19'),
(68, -2, 1, '2013-11-05 15:57:38'),
(69, 1, 1, '2013-11-05 15:57:43'),
(70, 2, 1, '2013-11-05 15:57:46'),
(71, -1, 1, '2013-11-05 15:57:56'),
(72, 2, 1, '2013-11-05 15:57:59'),
(73, 2, 1, '2013-11-05 15:58:04'),
(74, 2, 1, '2013-11-05 15:58:07'),
(75, -1, 1, '2013-11-05 15:58:10'),
(76, 2, 1, '2013-11-05 15:58:15'),
(77, -2, 1, '2013-11-05 15:58:19'),
(78, 2, 1, '2013-11-05 15:58:25'),
(79, 2, 1, '2013-11-05 15:58:29'),
(80, -1, 1, '2013-11-05 15:58:32'),
(81, -2, 1, '2013-11-05 15:58:35'),
(82, -2, 1, '2013-11-05 15:58:38'),
(83, 0, 1, '2013-11-05 15:58:42'),
(84, 2, 1, '2013-11-05 15:58:44'),
(85, -2, 1, '2013-11-05 15:58:47'),
(86, -2, 1, '2013-11-05 15:58:50'),
(87, 1, 1, '2013-11-05 15:58:53'),
(88, -1, 1, '2013-11-05 15:58:59'),
(89, -1, 1, '2013-11-05 15:59:01'),
(90, -1, 1, '2013-11-05 15:59:03'),
(91, 1, 1, '2013-11-05 15:59:06'),
(92, -2, 1, '2013-11-05 15:59:08'),
(93, -1, 1, '2013-11-05 16:28:27'),
(94, -1, 1, '2013-11-05 16:28:29'),
(95, -1, 1, '2013-11-05 16:28:30'),
(96, -1, 1, '2013-11-05 16:28:31'),
(97, -1, 1, '2013-11-05 16:28:32'),
(98, 1, 1, '2013-11-05 16:28:53'),
(99, 1, 1, '2013-11-05 16:28:55'),
(100, 0, 1, '2013-11-05 16:28:59'),
(101, 1, 1, '2013-11-05 16:29:01'),
(102, -1, 1, '2013-11-05 16:29:18'),
(103, -1, 1, '2013-11-05 16:29:20'),
(104, 1, 1, '2013-11-05 16:29:24'),
(105, 0, 1, '2013-11-05 16:29:29'),
(106, 0, 1, '2013-11-05 16:29:31'),
(107, 1, 1, '2013-11-05 16:29:34'),
(108, 1, 1, '2013-11-05 16:29:36'),
(109, 0, 1, '2013-11-05 16:29:44'),
(110, 1, 1, '2013-11-05 16:29:47'),
(111, 0, 1, '2013-11-05 16:29:49'),
(112, -1, 1, '2013-11-05 16:29:57'),
(113, -1, 1, '2013-11-05 16:29:59'),
(114, -1, 1, '2013-11-05 16:30:01'),
(115, 1, 1, '2013-11-05 16:30:05'),
(116, 0, 1, '2013-11-05 16:30:10'),
(117, 0, 1, '2013-11-05 16:30:12'),
(118, 2, 1, '2013-11-05 16:53:53'),
(119, 2, 1, '2013-11-05 16:53:58'),
(120, -2, 1, '2013-11-05 16:54:08'),
(121, 1, 1, '2013-11-05 16:54:11'),
(122, 0, 1, '2013-11-05 16:54:15'),
(123, 1, 1, '2013-11-05 16:54:17'),
(124, -1, 1, '2013-11-05 16:54:21'),
(125, 1, 1, '2013-11-05 16:54:26'),
(126, 1, 1, '2013-11-05 16:54:29'),
(127, 2, 1, '2013-11-05 16:54:38'),
(128, 2, 1, '2013-11-05 16:54:41'),
(129, 2, 1, '2013-11-05 16:54:43'),
(130, -1, 1, '2013-11-05 16:54:47'),
(131, -1, 1, '2013-11-05 16:54:50'),
(132, 0, 1, '2013-11-05 16:54:55'),
(133, 1, 1, '2013-11-05 16:54:59'),
(134, 1, 1, '2013-11-05 16:55:01'),
(135, -1, 1, '2013-11-05 16:55:06'),
(136, -1, 1, '2013-11-05 16:55:08'),
(137, -1, 1, '2013-11-05 16:55:10'),
(138, 1, 1, '2013-11-05 16:55:15'),
(139, -1, 1, '2013-11-05 16:55:18'),
(140, 0, 1, '2013-11-05 16:55:24'),
(141, 2, 1, '2013-11-05 16:55:28'),
(142, 0, 1, '2013-11-05 16:55:30'),
(143, 1, 1, '2013-11-05 17:21:45'),
(144, 2, 1, '2013-11-05 17:21:49'),
(145, 1, 1, '2013-11-05 17:21:51'),
(146, 1, 1, '2013-11-05 17:21:54'),
(147, 0, 1, '2013-11-05 17:21:56'),
(148, -2, 1, '2013-11-05 17:21:58'),
(149, -1, 1, '2013-11-05 17:22:03'),
(150, 0, 1, '2013-11-05 17:22:06'),
(151, 2, 1, '2013-11-05 17:22:07'),
(152, 1, 1, '2013-11-05 17:22:10'),
(153, 1, 1, '2013-11-05 17:35:37'),
(154, 1, 1, '2013-11-05 17:35:46'),
(155, 1, 1, '2013-11-05 17:36:05'),
(156, 0, 1, '2013-11-05 17:36:10'),
(157, 0, 1, '2013-11-05 17:36:14'),
(158, 1, 1, '2013-11-05 17:36:22'),
(159, 0, 1, '2013-11-05 17:36:27'),
(160, 0, 1, '2013-11-05 17:36:29'),
(161, 1, 1, '2013-11-05 17:36:33'),
(162, 1, 1, '2013-11-05 17:36:35'),
(163, 1, 1, '2013-11-05 17:36:38'),
(164, 1, 1, '2013-11-05 17:36:40'),
(165, 2, 1, '2013-11-05 17:36:44'),
(166, 1, 1, '2013-11-05 17:36:49'),
(167, 1, 1, '2013-11-05 17:36:51'),
(168, 1, 1, '2013-11-05 17:36:53'),
(169, 1, 1, '2013-11-05 17:36:56'),
(170, 1, 1, '2013-11-05 17:37:00'),
(171, 0, 1, '2013-11-05 17:37:02'),
(172, 0, 1, '2013-11-05 17:37:05'),
(173, -1, 1, '2013-11-05 17:37:07'),
(174, -1, 1, '2013-11-05 17:37:09'),
(175, 1, 1, '2013-11-05 17:37:13'),
(176, 0, 1, '2013-11-05 17:37:16'),
(177, 0, 1, '2013-11-05 17:37:18'),
(178, 1, 1, '2013-11-05 17:40:22'),
(179, -2, 1, '2013-11-05 17:40:40'),
(180, 2, 1, '2013-11-05 17:40:46'),
(181, 0, 1, '2013-11-05 17:41:08'),
(182, 0, 1, '2013-11-05 17:41:30'),
(183, 0, 1, '2013-11-05 17:41:37'),
(184, 0, 1, '2013-11-05 17:41:48'),
(185, 0, 1, '2013-11-05 17:41:55'),
(186, 0, 1, '2013-11-05 17:41:57'),
(187, 2, 1, '2013-11-05 17:42:01'),
(188, -2, 1, '2013-11-05 17:42:07'),
(189, 0, 1, '2013-11-05 17:42:40'),
(190, 0, 1, '2013-11-05 17:42:44'),
(191, 2, 1, '2013-11-05 17:42:48'),
(192, 0, 1, '2013-11-05 17:42:54'),
(193, 0, 1, '2013-11-05 17:43:00'),
(194, 2, 1, '2013-11-05 17:43:03'),
(195, 0, 1, '2013-11-05 17:43:05'),
(196, 0, 1, '2013-11-05 17:43:07'),
(197, 2, 1, '2013-11-05 17:43:11'),
(198, 0, 1, '2013-11-05 17:43:13'),
(199, 0, 1, '2013-11-05 17:43:15'),
(200, 0, 1, '2013-11-05 17:43:17'),
(201, 0, 1, '2013-11-05 17:43:23'),
(202, 0, 1, '2013-11-05 17:43:24'),
(203, 1, 1, '2013-11-05 18:38:41'),
(204, 0, 1, '2013-11-05 19:02:38'),
(205, -1, 1, '2013-11-05 19:03:04'),
(206, -1, 1, '2013-11-05 19:03:13'),
(207, -2, 1, '2013-11-05 19:03:19'),
(208, 2, 1, '2013-11-05 19:03:23'),
(209, 1, 1, '2013-11-05 19:03:31'),
(210, 0, 1, '2013-11-05 19:03:36'),
(211, 0, 1, '2013-11-05 19:03:46'),
(212, -1, 1, '2013-11-05 19:03:57'),
(213, 1, 1, '2013-11-05 19:04:01'),
(214, 1, 1, '2013-11-05 19:04:06'),
(215, -2, 1, '2013-11-05 19:17:52'),
(216, 1, 1, '2013-11-05 19:17:55'),
(217, 1, 1, '2013-11-05 19:17:59'),
(218, 0, 1, '2013-11-05 19:18:04'),
(219, 1, 1, '2013-11-05 19:18:08'),
(220, 2, 1, '2013-11-05 19:18:12'),
(221, 1, 1, '2013-11-05 19:18:15'),
(222, 1, 1, '2013-11-05 19:18:17'),
(223, -2, 1, '2013-11-05 19:18:20'),
(224, -1, 1, '2013-11-05 19:18:24'),
(225, 0, 1, '2013-11-05 19:18:31'),
(226, -1, 1, '2013-11-05 19:18:36'),
(227, 0, 1, '2013-11-05 19:18:45'),
(228, 2, 1, '2013-11-05 19:18:48'),
(229, 2, 1, '2013-11-05 19:18:52'),
(230, -2, 1, '2013-11-05 19:18:57'),
(231, -1, 1, '2013-11-05 19:18:59'),
(232, -1, 1, '2013-11-05 19:19:03'),
(233, -2, 1, '2013-11-05 19:19:06'),
(234, 2, 1, '2013-11-05 19:19:10'),
(235, -2, 1, '2013-11-05 19:19:13'),
(236, -1, 1, '2013-11-05 19:19:20'),
(237, -2, 1, '2013-11-05 19:19:23'),
(238, 2, 1, '2013-11-05 19:19:26'),
(239, -2, 1, '2013-11-05 20:07:09'),
(240, -2, 1, '2013-11-05 20:07:12'),
(241, -2, 1, '2013-11-05 20:07:15'),
(242, -2, 1, '2013-11-05 20:07:18'),
(243, -1, 1, '2013-11-05 20:07:20'),
(244, -2, 1, '2013-11-05 20:07:22'),
(245, -2, 1, '2013-11-05 20:07:24'),
(246, -2, 1, '2013-11-05 20:07:26'),
(247, -2, 1, '2013-11-05 20:07:28'),
(248, -2, 1, '2013-11-05 20:07:29'),
(249, -2, 1, '2013-11-05 20:07:30'),
(250, -2, 1, '2013-11-05 20:07:32'),
(251, -2, 1, '2013-11-05 20:07:33'),
(252, -2, 1, '2013-11-05 20:07:34'),
(253, -2, 1, '2013-11-05 20:07:35'),
(254, -2, 1, '2013-11-05 20:07:37'),
(255, -2, 1, '2013-11-05 20:07:38'),
(256, -2, 1, '2013-11-05 20:07:39'),
(257, -2, 1, '2013-11-05 20:07:40'),
(258, -2, 1, '2013-11-05 20:07:41'),
(259, -2, 1, '2013-11-05 20:07:42'),
(260, -2, 1, '2013-11-05 20:07:56'),
(261, -2, 1, '2013-11-05 20:07:58'),
(262, -2, 1, '2013-11-05 20:07:59'),
(263, -2, 1, '2013-11-05 20:08:00'),
(264, -1, 1, '2013-11-05 20:48:36'),
(265, 1, 1, '2013-11-05 20:48:47'),
(266, 1, 1, '2013-11-05 20:48:53'),
(267, -1, 1, '2013-11-05 20:48:57'),
(268, -2, 1, '2013-11-05 20:49:08'),
(269, 2, 1, '2013-11-05 20:49:14'),
(270, 1, 1, '2013-11-05 20:49:18'),
(271, -2, 1, '2013-11-05 20:49:22'),
(272, -1, 1, '2013-11-05 20:49:27'),
(273, -1, 1, '2013-11-05 20:49:31'),
(274, -2, 1, '2013-11-05 20:49:36'),
(275, -2, 1, '2013-11-05 20:49:40'),
(276, 2, 1, '2013-11-05 20:49:45'),
(277, -1, 1, '2013-11-05 20:49:48'),
(278, 1, 1, '2013-11-05 20:49:54'),
(279, -2, 1, '2013-11-05 20:49:57'),
(280, -2, 1, '2013-11-05 20:50:00'),
(281, 2, 1, '2013-11-05 20:50:04'),
(282, -1, 1, '2013-11-05 20:50:07'),
(283, 1, 1, '2013-11-05 20:50:10'),
(284, 1, 1, '2013-11-05 20:50:14'),
(285, 0, 1, '2013-11-05 20:50:17'),
(286, -1, 1, '2013-11-05 20:50:21'),
(287, -2, 1, '2013-11-05 20:50:24'),
(288, 0, 1, '2013-11-05 20:50:26'),
(289, -2, 1, '2013-11-05 22:01:41'),
(290, 0, 1, '2013-11-05 22:01:59'),
(291, -2, 1, '2013-11-05 22:02:06'),
(292, -2, 1, '2013-11-05 22:02:10'),
(293, -2, 1, '2013-11-05 22:02:16'),
(294, 0, 1, '2013-11-05 22:02:25'),
(295, -2, 1, '2013-11-05 22:02:29'),
(296, -2, 1, '2013-11-05 22:02:32'),
(297, -2, 1, '2013-11-05 22:02:42'),
(298, -2, 1, '2013-11-05 22:02:45'),
(299, -2, 1, '2013-11-05 22:02:52'),
(300, -2, 1, '2013-11-05 22:02:55'),
(301, -1, 1, '2013-11-05 22:02:58'),
(302, 1, 1, '2013-11-05 22:03:02'),
(303, -2, 1, '2013-11-05 22:03:08'),
(304, -2, 1, '2013-11-05 22:03:09'),
(305, 0, 1, '2013-11-05 22:03:12'),
(306, 1, 1, '2013-11-05 22:03:15'),
(307, -2, 1, '2013-11-05 22:03:17'),
(308, -2, 1, '2013-11-05 22:03:19'),
(309, -2, 1, '2013-11-05 22:03:24'),
(310, 1, 1, '2013-11-05 22:03:33'),
(311, -2, 1, '2013-11-05 22:03:35'),
(312, 0, 1, '2013-11-05 22:03:43'),
(313, -2, 1, '2013-11-05 22:03:46'),
(314, -1, 1, '2013-11-06 07:25:02'),
(315, 1, 1, '2013-11-06 07:25:09'),
(316, -2, 1, '2013-11-06 07:25:16'),
(317, -1, 1, '2013-11-06 07:25:19'),
(318, 2, 1, '2013-11-06 07:25:25'),
(319, -1, 1, '2013-11-06 07:25:33'),
(320, 2, 1, '2013-11-06 07:25:37'),
(321, -1, 1, '2013-11-06 07:25:45'),
(322, 2, 1, '2013-11-06 07:25:48'),
(323, -2, 1, '2013-11-06 07:25:54'),
(324, 2, 1, '2013-11-06 07:25:58'),
(325, -1, 1, '2013-11-06 07:26:14'),
(326, -1, 1, '2013-11-06 07:26:15'),
(327, -1, 1, '2013-11-06 07:26:15'),
(328, 1, 1, '2013-11-06 07:26:20'),
(329, 2, 1, '2013-11-06 07:26:26'),
(330, 2, 1, '2013-11-06 07:26:31'),
(331, -2, 1, '2013-11-06 07:26:34'),
(332, -1, 1, '2013-11-06 07:26:45'),
(333, -1, 1, '2013-11-06 07:27:01'),
(334, 1, 1, '2013-11-06 07:27:06'),
(335, 1, 1, '2013-11-06 07:27:11'),
(336, -1, 1, '2013-11-06 07:27:14'),
(337, 1, 1, '2013-11-06 07:27:18'),
(338, 1, 1, '2013-11-06 07:27:21'),
(339, NULL, 2, '2013-11-07 11:54:01'),
(340, NULL, 2, '2013-11-07 13:12:17'),
(341, NULL, 2, '2013-11-07 13:54:20'),
(342, NULL, 2, '2013-11-07 16:01:51'),
(343, 1, 2, '2013-11-07 16:14:00'),
(344, 2, 2, '2013-11-07 16:14:14'),
(345, 2, 2, '2013-11-07 16:22:39'),
(346, 2, 2, '2013-11-07 16:22:42'),
(347, 2, 2, '2013-11-07 16:22:48'),
(348, -1, 2, '2013-11-07 16:27:32'),
(349, -1, 2, '2013-11-07 16:27:35'),
(350, -2, 2, '2013-11-07 16:27:51'),
(351, -2, 2, '2013-11-07 16:27:51'),
(352, -2, 2, '2013-11-07 16:27:52'),
(353, -2, 2, '2013-11-07 16:27:52'),
(354, 2, 2, '2013-11-07 16:28:10'),
(355, 0, 2, '2013-11-07 16:29:18'),
(356, 0, 2, '2013-11-07 16:29:21'),
(357, 0, 2, '2013-11-07 16:29:21'),
(358, 0, 2, '2013-11-07 16:29:22'),
(359, 1, 2, '2013-11-07 16:29:33'),
(360, -1, 2, '2013-11-07 17:21:27'),
(361, 2, 2, '2013-11-07 17:31:58'),
(362, -1, 2, '2013-11-07 18:15:19'),
(363, 1, 2, '2013-11-07 18:15:30'),
(364, NULL, 2, '2013-11-07 18:22:46'),
(365, NULL, 2, '2013-11-07 18:26:52'),
(366, 2, 2, '2013-11-07 18:27:44'),
(367, 2, 2, '2013-11-07 18:28:03'),
(368, 1, 2, '2013-11-07 18:28:16'),
(369, 2, 2, '2013-11-07 18:28:36'),
(370, -1, 2, '2013-11-07 18:28:47'),
(371, NULL, 2, '2013-11-07 18:29:28'),
(372, 0, 2, '2013-11-07 19:02:24'),
(373, 0, 2, '2013-11-07 19:02:27'),
(374, 0, 2, '2013-11-07 19:02:30'),
(375, 0, 2, '2013-11-07 19:02:30'),
(376, 0, 2, '2013-11-07 19:02:31'),
(377, 0, 2, '2013-11-07 19:02:31'),
(378, 0, 2, '2013-11-07 19:02:31'),
(379, 0, 2, '2013-11-07 19:02:31'),
(380, 0, 2, '2013-11-07 19:02:35'),
(381, 0, 2, '2013-11-07 19:02:35'),
(382, NULL, 2, '2013-11-07 19:02:48'),
(383, 0, 2, '2013-11-07 19:03:22'),
(384, 1, 2, '2013-11-07 19:03:29'),
(385, 1, 2, '2013-11-07 19:03:38'),
(386, NULL, 2, '2013-11-07 19:07:36'),
(387, 1, 2, '2013-11-07 19:12:20'),
(388, -2, 2, '2013-11-07 19:13:21'),
(389, 2, 2, '2013-11-07 19:43:41'),
(390, NULL, 2, '2013-11-07 19:47:42'),
(391, NULL, 2, '2013-11-07 19:49:32'),
(392, 2, 2, '2013-11-07 19:50:01'),
(393, 2, 2, '2013-11-07 22:45:21'),
(394, 0, 2, '2013-11-07 22:46:26'),
(395, 1, 2, '2013-11-07 22:46:40'),
(396, 0, 2, '2013-11-07 22:47:06'),
(397, -1, 2, '2013-11-07 22:47:13'),
(398, 0, 2, '2013-11-07 22:47:31'),
(399, -1, 2, '2013-11-07 22:48:00'),
(400, 0, 2, '2013-11-07 22:48:56'),
(401, -1, 2, '2013-11-07 22:49:07'),
(402, -2, 2, '2013-11-07 22:49:56'),
(403, NULL, 2, '2013-11-07 23:06:24'),
(404, NULL, 2, '2013-11-07 23:09:06'),
(405, NULL, 2, '2013-11-07 23:11:01'),
(406, 0, 2, '2013-11-08 00:39:46'),
(407, 0, 2, '2013-11-08 00:39:54'),
(408, 1, 2, '2013-11-08 00:40:02'),
(409, -1, 2, '2013-11-08 00:40:11'),
(410, 2, 2, '2013-11-08 00:40:18'),
(411, 1, 2, '2013-11-08 00:40:30'),
(412, -1, 2, '2013-11-08 00:40:36'),
(413, -2, 2, '2013-11-08 00:40:44'),
(414, 2, 2, '2013-11-08 00:41:00'),
(415, 1, 2, '2013-11-08 00:41:05'),
(416, NULL, 2, '2013-11-08 00:55:04'),
(417, 1, 1, '2013-11-08 00:55:30'),
(418, NULL, 2, '2013-11-08 09:03:15'),
(419, 1, 2, '2013-11-08 09:03:56'),
(420, 2, 2, '2013-11-08 09:04:01'),
(421, 0, 2, '2013-11-08 09:04:10'),
(422, 2, 2, '2013-11-08 09:04:15'),
(423, 2, 2, '2013-11-08 09:04:19'),
(424, 1, 2, '2013-11-08 09:04:24'),
(425, 2, 2, '2013-11-08 09:04:28'),
(426, -2, 2, '2013-11-08 09:04:40'),
(427, -2, 2, '2013-11-08 09:04:42'),
(428, 0, 2, '2013-11-08 09:04:49'),
(429, 0, 1, '2013-11-08 09:05:10'),
(430, -1, 1, '2013-11-08 09:05:15'),
(431, 0, 1, '2013-11-08 09:05:19'),
(432, 1, 1, '2013-11-08 09:05:22'),
(433, -1, 1, '2013-11-08 09:05:25'),
(434, 2, 2, '2013-11-08 11:17:43'),
(435, 2, 2, '2013-11-08 11:17:54'),
(436, NULL, 2, '2013-11-08 12:05:19'),
(437, NULL, 2, '2013-11-08 12:06:24'),
(438, 2, 1, '2013-11-08 15:42:02'),
(439, -1, 1, '2013-11-08 15:42:10'),
(440, -2, 1, '2013-11-08 15:42:16'),
(441, 1, 1, '2013-11-08 15:42:22'),
(442, 2, 1, '2013-11-08 15:42:28'),
(443, 1, 1, '2013-11-08 15:42:35'),
(444, 0, 1, '2013-11-08 15:42:45'),
(445, 1, 1, '2013-11-08 15:42:49'),
(446, -2, 1, '2013-11-08 15:42:54'),
(447, 1, 1, '2013-11-08 15:43:00'),
(448, 0, 1, '2013-11-08 15:43:04'),
(449, 2, 1, '2013-11-08 15:43:08'),
(450, 1, 1, '2013-11-08 15:43:13'),
(451, -2, 1, '2013-11-08 15:43:17'),
(452, -1, 1, '2013-11-08 15:43:22'),
(453, -2, 1, '2013-11-08 15:43:25'),
(454, 2, 1, '2013-11-08 15:43:30'),
(455, -1, 1, '2013-11-08 15:43:34'),
(456, 0, 1, '2013-11-08 15:43:38'),
(457, 1, 1, '2013-11-08 15:43:44'),
(458, 0, 1, '2013-11-08 15:43:54'),
(459, 1, 1, '2013-11-08 15:43:58'),
(460, -1, 1, '2013-11-08 15:44:00'),
(461, 1, 1, '2013-11-08 15:44:05'),
(462, 0, 1, '2013-11-08 15:44:14'),
(463, NULL, 2, '2013-11-08 15:52:07'),
(464, 1, 2, '2013-11-08 15:52:41'),
(465, 2, 2, '2013-11-08 15:52:57'),
(466, -1, 2, '2013-11-08 15:53:05'),
(467, -1, 2, '2013-11-08 15:53:11'),
(468, 1, 2, '2013-11-08 15:53:22'),
(469, 0, 2, '2013-11-08 15:53:34'),
(470, -1, 2, '2013-11-08 15:53:50'),
(471, -2, 2, '2013-11-08 15:54:03'),
(472, 0, 2, '2013-11-08 15:54:17'),
(473, 2, 2, '2013-11-08 15:54:29'),
(474, -2, 2, '2013-11-08 17:13:17'),
(475, -2, 2, '2013-11-08 17:13:23'),
(476, -2, 2, '2013-11-08 17:13:30'),
(477, NULL, 2, '2013-11-09 09:59:11'),
(478, 0, 2, '2013-11-09 09:59:51'),
(479, 2, 2, '2013-11-09 10:00:04'),
(480, 1, 2, '2013-11-09 10:00:15'),
(481, 1, 2, '2013-11-09 10:00:21'),
(482, -2, 2, '2013-11-09 10:00:27'),
(483, 1, 2, '2013-11-09 10:00:40'),
(484, 0, 2, '2013-11-09 10:00:50'),
(485, 2, 2, '2013-11-09 10:01:01'),
(486, 1, 2, '2013-11-09 10:01:30'),
(487, 2, 2, '2013-11-09 10:01:38'),
(488, 2, 2, '2013-11-10 13:14:49'),
(489, 2, 2, '2013-11-10 13:14:57'),
(490, 0, 2, '2013-11-10 13:15:18'),
(491, 0, 2, '2013-11-10 13:15:30'),
(492, 2, 2, '2013-11-10 19:23:55'),
(493, 0, 2, '2013-11-10 19:24:06'),
(494, 1, 2, '2013-11-10 19:24:14'),
(495, 1, 2, '2013-11-10 19:24:22'),
(496, 1, 2, '2013-11-10 19:24:29'),
(497, -1, 2, '2013-11-10 19:24:34'),
(498, -1, 2, '2013-11-10 19:24:41'),
(499, -1, 2, '2013-11-10 19:24:47'),
(500, 0, 2, '2013-11-10 19:24:55'),
(501, -1, 2, '2013-11-10 19:25:08'),
(502, -1, 1, '2013-11-12 13:18:55'),
(503, 1, 1, '2013-11-12 13:18:57'),
(504, 1, 1, '2013-11-12 13:19:02'),
(505, 1, 1, '2013-11-12 13:19:24'),
(506, -1, 1, '2013-11-12 13:19:33'),
(507, 2, 1, '2013-11-12 14:25:19'),
(508, 2, 1, '2013-11-17 12:04:17'),
(509, 1, 2, '2013-11-17 17:29:40'),
(510, -2, 2, '2013-11-17 17:29:50'),
(511, 1, 2, '2013-11-17 17:29:57'),
(512, 2, 2, '2013-11-17 17:30:05'),
(513, 2, 2, '2013-11-17 17:30:10'),
(514, 2, 2, '2013-11-17 17:30:16'),
(515, 1, 2, '2013-11-17 17:30:21'),
(516, -2, 2, '2013-11-17 17:30:29'),
(517, NULL, 2, '2013-11-17 20:18:58'),
(518, NULL, 2, '2013-11-17 20:21:48'),
(519, NULL, 2, '2013-11-17 20:23:41'),
(520, NULL, 2, '2013-11-17 20:25:01'),
(521, -2, 1, '2013-11-20 09:33:55'),
(522, -2, 1, '2013-11-20 09:34:00'),
(523, 2, 1, '2013-11-20 09:34:07'),
(524, 0, 1, '2013-11-20 09:34:11'),
(525, 2, 1, '2013-11-20 09:34:21'),
(526, -2, 1, '2013-11-20 09:34:24'),
(527, 0, 1, '2013-11-20 09:34:28'),
(528, 0, 1, '2013-11-20 09:34:42'),
(529, 2, 1, '2013-11-20 09:34:48'),
(530, 2, 1, '2013-11-20 09:34:52'),
(531, -2, 1, '2013-11-20 09:34:54'),
(532, -1, 1, '2013-11-20 09:34:57'),
(533, 0, 1, '2013-11-20 09:34:59'),
(534, 1, 1, '2013-11-20 09:35:03');

-- --------------------------------------------------------

--
-- Table structure for table `Types`
--

CREATE TABLE IF NOT EXISTS `Types` (
  `ID` int(11) NOT NULL,
  `Name` text NOT NULL,
  `Example` text
) ENGINE=InnoDB AUTO_INCREMENT=15 DEFAULT CHARSET=latin1;

--
-- Dumping data for table `Types`
--

INSERT INTO `Types` (`ID`, `Name`, `Example`) VALUES
(0, 'Unbestimmt', 'Wenn ihr zu faul seit die Wortart anzugeben. (siehe auch "Andere")'),
(1, 'Substantiv', 'Haus, (das) Warten'),
(2, 'Adjektiv', 'leise'),
(3, 'Verb', 'warten'),
(4, 'Adverb', 'leise (warten)'),
(5, 'Artikel', 'der'),
(6, 'Personalpronom', 'ich'),
(7, 'Possessivpronom', 'mein'),
(8, 'Interrogativpronom', 'was(?)'),
(9, 'Relativpronom', 'welcher, der (von dem gilt)'),
(10, 'Demonstrativpronom', 'der (hinweisend)'),
(11, 'Präposition', 'in, jenseits'),
(12, 'Konjunktion', 'entweder - oder, obwohl'),
(13, 'Andere', 'Für Wörter die in keine der oben genannten Kategorien passen.'),
(14, 'Partizip', 'wartend');

--
-- Indexes for dumped tables
--

--
-- Indexes for table `LanguageItems`
--
ALTER TABLE `LanguageItems`
  ADD PRIMARY KEY (`ID`), ADD UNIQUE KEY `ItemId` (`ID`), ADD KEY `ItemId_2` (`ID`);

--
-- Indexes for table `ResponseItems`
--
ALTER TABLE `ResponseItems`
  ADD PRIMARY KEY (`ID`);

--
-- Indexes for table `Responses`
--
ALTER TABLE `Responses`
  ADD PRIMARY KEY (`ID`);

--
-- Indexes for table `Types`
--
ALTER TABLE `Types`
  ADD PRIMARY KEY (`ID`);

--
-- AUTO_INCREMENT for dumped tables
--

--
-- AUTO_INCREMENT for table `LanguageItems`
--
ALTER TABLE `LanguageItems`
  MODIFY `ID` int(11) NOT NULL AUTO_INCREMENT,AUTO_INCREMENT=212;
--
-- AUTO_INCREMENT for table `ResponseItems`
--
ALTER TABLE `ResponseItems`
  MODIFY `ID` int(11) NOT NULL AUTO_INCREMENT,AUTO_INCREMENT=2137;
--
-- AUTO_INCREMENT for table `Responses`
--
ALTER TABLE `Responses`
  MODIFY `ID` int(11) NOT NULL AUTO_INCREMENT,AUTO_INCREMENT=535;
--
-- AUTO_INCREMENT for table `Types`
--
ALTER TABLE `Types`
  MODIFY `ID` int(11) NOT NULL AUTO_INCREMENT,AUTO_INCREMENT=15;
/*!40101 SET CHARACTER_SET_CLIENT=@OLD_CHARACTER_SET_CLIENT */;
/*!40101 SET CHARACTER_SET_RESULTS=@OLD_CHARACTER_SET_RESULTS */;
/*!40101 SET COLLATION_CONNECTION=@OLD_COLLATION_CONNECTION */;
